expr,min,lq,mean,median,uq,max,neval,cld
csv_data_table,46.626794775,83.576838045,81.4961840926,84.451938248,89.791700771,103.033648624,5, b 
csv_arrow,196.326558859,213.955375703,222.9658653552,215.940072394,226.367620494,262.239699326,5,  c
Parquet_arrow_df,4.566043243,8.739694075,11.3122995688,9.260346124,14.695948668,19.299465734,5,a  
Parquet_arrow,4.159443232,9.42459296,9.9556213674,10.416797695,11.98145028,13.79582267,5,a  
Parquet_DuckDB,10.394377038,11.884341725,24.1538373988,28.860598135,34.060103232,35.569766864,5,a  
